nmi,batteryCapacityKWh,batteryMaxPowerKW
70010061310,14,5
70010356749,9,5
70011812534,10.3,5
70011503607,9.6,5
70010718659,11.4,5
70010645720,11.4,5
70010628009,14.4,5
70011728250,17.1,5
70011007723,14.4,5
70010966471,14,5
70011397295,17.1,5
70010254224,9.6,5
70010805135,17.1,5
70010536499,14.4,5
70013002549,14,5
70011066200,11.4,5
70011468674,5.7,2.8672
70010519124,14,5
70010355428,17.1,5
70010554717,14,5
70011604207,11.4,5
70011748309,14.4,5
70010274660,22.8,5
70010243863,5.7,2.8672
70010478872,9.6,5
70010251181,11.4,5
70010752383,17.1,5
70010717354,9.6,5
70010055567,14.4,5
70013196806,14,5
70013277726,10.3,5
70010357845,11.4,5
70010439611,17.1,5
70013215926,11.4,5
70010490400,9.6,5
70010505222,14,5
70011518520,14,5
70011408341,14,5
70010594745,10.8,5
70010636521,14,5
70010561219,11.4,5
70011941979,14,5
70010057421,5.7,2.8672
70010386409,10.3,5
70010778140,11.4,5
7001108665,14,5
70011408986,11.4,5
70011057711,5.7,2.8672
70011605170,14,5
70010033489,11.4,5
70010944551,14,5
70010720580,14.4,5
70011794468,11.4,5
70010943933,5.7,2.8672
,14.4,5
70010681362,12,5
70010916584,14,5
70011050930,14,5
70010056788,14,5
70011791999,14,5
70010680645,14.4,5
70010359775,9.6,5
70010987653,14,5
70010327939,9.6,5
70010466714,11.4,5
70010972288,11.4,5
70010053690,11.4,5
70013243902,14.4,5
70010448082,14,5
70010806704,11.4,5
70010704568,14,5
70013003357,14,5
70010107095,14,5
70010663797,11.4,5
70010594745,10.8,5
70010766442,10.3,5
70010604100,9.6,5
70010663161,9.6,5
70013244000,14.4,5
70010958156,14.4,5
70011859196,14.4,5
70010979284,28,5
70010229390,17.2,5
7001328870,20.6,5
70010738630,11.4,5
70010527224,30.9,5
70010879681,14,5
70010516724,9.6,5
70010598936,14.4,5
70011057842,11.4,5
70013402796,11.5,5
70010789849,14.4,5
70010142119,22.8,5
70011520460,11.4,5
70011614858,10.3,5
70010286888,11.4,5
70010764537,9.6,5
70011195306,14,5
70010635390,11.4,5
70011523784,14,5
70013149745,14.4,5
70010662922,11.4,5
70011896685,17.1,5
70010273281,14,5
70010169268,17.1,5
70010179219,9.6,5
70011914926,9.6,5
70013149976,14,5
70011845724,14,5
70010641274,11.4,5
70010530009,14.4,5
70010920604,9.6,5
70011755866,10.3,5
70013420385,10.3,5
70010781780,14,5
70010304055,17.1,5
70010909638,9.6,5
70010105891,28,5
70011605368,14,5
70013140516,14.4,5
70011803114,10.8,5
70011523271,14.4,5
70011866696,20.6,5
70013215800,11.4,5
70010480145,11.4,5
70011506294,10.3,5
70010254804,5.7,2.8672
70010945285,14,5
70010755306,14,5
70011605411,14,5
70010718568,11.4,5
7001161356,11.4,5
70010385006,14,5
70010140718,14.4,5
70010403525,11.4,5
70010089341,9,5
70010803403,9,5
70010397981,14,5
70010673499,11.4,5
70011845799,22.8,5
7001037768,10.3,5
70010232923,20.6,5
70011055623,20.6,5
70011794402,10.3,5
7001066849,14,5
70010191769,14,5
70011526112,14,5
70010489854,14,5
70011613677,14,5
70011485357,22.8,5
70010576850,14,5
70011977809,14,5
70010595019,22.8,5
70010999729,20.6,5
70011944115,20.6,5
70010264217,10.3,5
70010259364,11.4,5
70010569466,10.3,5
70011083673,22.8,5
70010070947,10.3,5
70010822765,14,5
70013315165,14,5
70010790163,20.6,5
70010477512,11.4,5
7001327986,14,5
7001325378,11.4,5
70011411025,10.3,5
70010476416,14,5
70011967065,14,5
70010180993,14,5
70013318092,14,5
70010479243,14,5
70010296509,11.4,5
70012002581,14,5
70011965720,14,5
70010214469,14,5
70011636661,14,5
70010664324,11.4,5
70012011197,14,5
70010571753,14,5
70011624590,11.4,5
70011437521,14,5
70010393931,14,5
70011801224,14,5
70013268634,14,5
70010814664,5.7,2.8672
70010484350,14,5
70010651218,5.7,2.8672
70011006165,11.5,5
70011709870,14,5
70011961928,14,5
70010097872,5.7,2.8672
7001173437,5.7,2.8672
70010637801,5.7,2.8672
70011646612,5.7,2.8672
70012011164,14,5
70013158143,14,5
70011526144,14,5
70013362512,14,5
70010486736,14,5
70011609098,14,5
70011508266,14,5
70011511873,14,5
70010857092,14.4,5
70010472850,5.7,2.8672
7001176433,14,5
70011545986,11.5,5
70011504010,11.5,5
70010384641,5.7,2.8672
70010485004,11.5,5
70010183054,10.3,5
70011476034,14,5
70013368501,14,5
70011573105,11.5,5
70011447496,14,5
70013227359,14,5
70011803600,11.5,5
70010534626,14,5
7001021716,14,5
70010257441,14,5
70010507161,14,5
70013357702,14,5
70010993532,5.7,2.8672
,9.8,2.8672
70010394146,5.8,5
70010720961,2.9,2.8672
7001046189,2.9,2.8672
70010413227,5.8,5
7001165067,2.9,2.8672
7001034274,5.8,5
70010524958,2.9,2.8672
70011417847,5.8,5
70010877875,2.9,2.8672
70010301565,2.9,2.8672
7001075205,5.8,5
70010123811,2.9,2.8672
70013223274,2.9,2.8672
70010522423,5.8,5
70010607267,5.8,5
70010117382,2.9,2.8672
70011405587,5.8,5
70011513175,5.8,5
70010401299,2.9,2.8672
70011397551,5.8,5
70010767409,5.8,5
70013412878,9.8,5
70010802710,2.9,2.8672
70010801366,5.8,5
70010152462,5.8,5
70010073949,2.9,2.8672
70011415216,2.9,2.8672
7001092984,5.1,3
70010501315,5.8,5
70011783593,5.8,5
70010069816,14,5
70010714442,5.8,5
70010694297,5.8,5
70010405110,2.9,2.8672
70011993144,5.8,5
7001008716,14,5
70010427664,2.9,2.8672
7001198670,5.7,2.8672
70010680415,5.8,5
70010682137,14,5
70010283257,2.9,2.8672
70010791540,2.9,2.8672
70011927547,17.4,5
70010637981,2.9,2.8672
70011362464,8.6,5
70010709889,14,5
70010056905,14,5
70010793552,14,5
70010263192,5.8,5
70011018607,14,5
7001046337,2.9,2.8672
70010026385,2.9,2.8672
7001040203,5.8,2.8672
70011726676,14,5
70010030792,14,5
70013163706,14,5
70010904028,14,5
70011525146,14,5
70010319382,14,5
70010327955,5.8,5
70010992568,9.6,5
70011049107,2.9,2.8672
70013277692,14,5
70010745067,9.8,5
,14.2,5
7001055016,14,5
7001086090,2.9,2.8672
70011403137,2.9,2.8672
700134411542,0,2.8672
70010693299,5.8,5
70011986577,14.2,5
70013434709,14,5
70013454671,0,2.8672
7001190148,14,5
70010330695,14,5
70010771971,28,5
70011426624,13.8,5
70010906354,14,5
70011051137,14,5
70010020257,14,5
70010477958,14,5
70010661265,14,5
7001345111,9.8,5
70013420393,0,2.8672
70010532976,14,5
70010830777,9.8,5
70010411447,14,5
70011979936,14,5
70011854881,14,5
70011144442,2.9,2.8672
70010244012,14,5
7001330077,14,5
70011727311,14,5
7001336752,14,5
7001345500,0,2.8672
70013387501,0,2.8672
70010913622,13.8,5
70010668242,41.4,5
70010385482,14,5
7001043360,9.8,5
7001346830,9.8,5
70013449291,10,2.8672
70010695866,14.2,5
70011503556,9.3,5
70013441706,13.8,5
7011076975,13.8,5
70010844216,9.8,5
70010137629,13.8,5
70010261552,14,5
7001346725,0,2.8672
7001349551,0,2.8672
70013454664,0,2.8672
70013457773,0,2.8672
70010700659,10.5,2.8672
70011451581,14,2.8672
70010505370,7,2.8672
70010868379,10.7,2.8672
70010842598,7,2.8672
70010752995,9.5,2.8672
70011511998,9.5,2.8672
70010519216,7.2,2.8672
70013424817,10.3,5
70012001320,14,5
70010030959,14,2.8672
70011995454,14,2.8672
70010260902,9.8,5
70010978369,14,2.8672
70011925964,14,5
70010390293,14,5
70011066416,14,5
70010659409,10.3,5
70010904093,10.3,5
70013333446,14,5
70011466943,14,5
70010780220,14,5
70011564458,14,5
70013245880,14,5
70010511198,20,5
70010161663,14,5
70010488871,14,5
70011926524,14,5
70010929437,28,5
70010381914,10.3,5
70010013006,10.3,5
70010504745,13.5,5
7001345949,0,2.8672
70011410893,10.3,5
70010233343,13.8,5
70013339411,9.8,5
70010818540,10.3,5
70010885291,14,5
70011402930,13.5,5
70010852861,10.3,5
70010769296,13.5,5
7001337426,10.3,5
70010996478,10.3,5
70010046441,14,5
70010374404,10.3,5
70010762341,10.3,5
70010757846,10.3,5
70010987304,13.3,5
70010564021,10.3,5
70011518002,10.3,5
70013495774,0,2.8672
70010399623,10.3,5
70010018128,7.1,4.6
70010497163,13.5,5
70010263639,9.8,5
70010599942,10.3,5
7001065683,10.3,5
70011017532,20,5
70010762715,10.3,5
70013219258,10.3,5
70011965259,10.3,5
70011515949,13.5,5
70013296025,13.5,5
70010500323,13.5,5
70010538486,13.5,5
70011822391,14,5
70011774650,10.3,5
70010569045,10.1,5
70010116411,13.5,5
70013228357,10.1,5
70010280833,14,5
7001053444,14,5
70010385284,10.3,5
7001334276,14,5
70013180528,14.2,5
70010045908,7,4.6
70013403687,14,4.6
70011407047,7,4.6
70011798451,14,4.6
70011427219,13.5,5
70013437742,10.3,5
70011524683,10.1,5
70010846889,13.5,5
70011426731,10.3,5
70011831691,10.3,5
70010544741,13.3,5
70011169409,10.3,5
70010172428,13.5,5
70011003342,10.3,5
7001017205,13.5,5
70010704188,14,5
70010510470,10.1,5
70011732426,13.5,5
70010490193,13.5,5
70010538058,13.5,5
70013126217,13.5,5
70010981951,10.1,5
70010929461,10.3,5
70010895127,10.1,5
70013402720,10.1,5
70010760025,13.5,5
70010266641,14,5
7001320801,13.5,5
70010280651,13.5,5
7001349738,14,2.8672
7001332290,10,5
7001349926,0,2.8672
7001350053,0,2.8672
70013426944,0,2.8672
70013457781,0,2.8672
70010259991,10,5
70010606114,13.5,5
70010945491,13.5,5
70010412956,10.3,5
70013436331,10.1,2.8672
70011097640,10.1,5
70011057834,10.1,5
7001099821,10.1,5
70011101461,10.1,5
70010504737,10.1,5
70010238906,10.1,5
70013276069,10.3,5
70010725422,10.1,5
70010977881,10.3,5
70011561331,10.3,5
70011234192,26.6,5
70010906306,10.1,5
70010368001,5.8,5
7001091338,10.1,5
70010035031,10.3,5
70011511725,10.1,5
70011711647,9.6,4.6
70013321898,14,5
70010031057,13.5,5
70013509294,0,2.8672
70013312500,9.6,5
70010689208,10.3,5
70010754002,10.1,5
70013253289,10.1,5
70010970524,10.1,5
70010901101,10.3,5
70010290800,10.1,5
70011490564,10.1,5
70010563971,10.1,5
70011887313,10.1,5
70011659563,10.1,5
70010402116,10.1,5
7001052589,10.3,5
70010417816,13.5,5
7001155208,13.5,5
7001052980,13.5,5
70012007053,13.5,5
70010063157,13.5,5
70010645332,14,5
70010397611,10.1,5
70010235737,10.1,5
70010919613,10.1,5
70010665661,10.3,5
7001350051,0,2.8672
7001350025,0,2.8672
70013497417,0,2.8672
7001346643,0,2.8672
7001350562,0,2.8672
70013467311,0,2.8672
7001349812,0,2.8672
70011062132,10,5
70010680760,9.8,5
7001350102,0,2.8672
70011109438,10,2.8672
7001350022,0,2.8672
70013444771,10.3,5
70010441163,10.1,5
70013442768,0,2.8672
70011013418,10.1,5
70010845220,10.3,5
70011109802,14,5
70011791078,28,5
70013294913,10.1,5
7001349686,0,2.8672
7001350094,10,5
70013426952,0,2.8672
70013468086,10.1,5
70010285147,13.5,5
7001035130,13.5,5
70010235555,10,2.8672
70010670638,13.5,5
70010517234,10,2.8672
70010882703,10,2.8672
70011835584,10,2.8672
70013468549,0,2.8672
7001350056,0,2.8672
7001350573,0,2.8672
70010092353,10,5
7001039692,10,5
70010912897,10,5
70011089409,10,5
70010442358,10,5
70010879187,10,2.8672
70013411690,10,5
70010616425,10,5
70013309091,10.1,5
70013437413,10.1,5
70011048651,10.1,5
70011887246,10.1,5
70011756410,15,5
70010553394,10.1,5
70010446617,10.1,5
70010427953,10.1,2.8672
7001040551,10.1,5
70010587749,10.1,5
70010912063,10.1,5
70010756724,13.5,5
7001056673,13.5,5
70010641233,13.5,5
7001350545,0,2.8672
70011482759,13.5,5
70013333479,13.5,5
70010282878,13.5,5
70010388668,13.5,5
7001001311,13.5,5
7001066155,13.5,5
70011610972,13.5,5
7001350963,0,2.8672
70010258706,13.5,5
70010428646 ,9.6,5
70010464526,13.5,5
70010599209,10,5
70010599470,15,5
70011072157,10,5
70010187384,10,5
70010771740,10,5
70010799658,10,5
70011617415,10,5
7001349766,0,2.8672
70011395366,10,5
7001344524,13.5,5
70011567872,13.5,5
7001338870,13.5,5
70010248029,13.5,5
70013141119,10,5
70013501582,0,2.8672
7001351231,0,2.8672
70013145811,9.6,5
7001350894,10,5
70013494959,0,2.8672
7001349844,0,2.8672
70013163028,13.3,5
70013279105,14.2,5
70010304343,14.2,5
70010844644,13.5,5
70011112242,13.5,5
7001052622,14.2,5
70010814481,14.2,5
70011932761,13.5,5
70011964368,13.5,5
70010291640,14.2,5
70013279203,13.5,5
70010024613,14.2,5
70011694940,13.5,5
7001094272,13.5,5
70010517432,14.2,5
70011556364,14.2,5
70010087098,14.2,5
70010839941,14.2,5
70010835504,14.2,5
70010876530,14.2,5
70010906966,14.2,5
70013266192,14.2,5
7001010751,13.5,5
70011953965,14.2,5
7001343887,14.2,5
70010967544,13.5,5
70011845492,14.2,5
70010573848,13.5,5
70010815266,14.2,5
70013312368,13,5
70013258296,13.5,5
70011409380,10.3,5
70011939964,10.1,5
70010849207,10.3,5
70010389369,13.3,5
70010847647,10.1,5
70011981348,10.3,5
70010787421,10.3,5
70013174578,10.1,5
70010055864,10.3,5
70013188264,10.3,5
70010448396,10.3,5
70012505377,10.1,5
7001150319,10.1,5
70011986040,10.1,5
70010985357,10.3,5
70010423300,10.1,5
70011102153,13.3,5
70011554540,10.1,5
70010360207 ,10.1,5
70013010791,13.3,5
7001349505,0,2.8672
70010793924,10,5
70010904127,10,5
70013322052,10,5
7001315178,9.6,5
7001350037,0,2.8672
70010495266,10,5
70013495287,13.5,5
70010470179,13.5,5
70011014422,14.2,5
70011616185,14.2,5
70011541177,14.2,5
70011003087,14.2,5
70010856657,10,5
70013362338,10,5
70013509253,10,5
70010571126,10,5
70013015304,13,5
70010703066,10,5
70013003266,13,5
70011868741,13.5,5
70010492511,13.5,5
70012014297,13,5
70013438163,10,5
70010525880,10,2.8672
70010876044,10,2.8672
70011640671,13.3,5
70010017154,10.1,5
70010030834,10.1,5
70010014977,10.1,5
70010861816,10.3,5
7001346805,13.5,5
70013363139,13.5,5
70010017856,10,2.8672
70011985983,10.1,5
70013164447,10.3,5
70010365766,10,5
70011483947,13.5,5
70010827383,13.5,5
70010565201,13.5,5
70010060502,10.1,5
70011038628,13.5,5
70011060717,10.1,5
70010945369,10.3,5
70010065631,10.1,5
70011933660,10.1,5
70011504793,10.1,5
70011736164,10.1,5
70010945179,10.1,2.8672
70010607813,10,2.8672
70010255406,10,5
70011778882,10.3,5
70013131794,10,5
70013335632,16,2.8672
70013515211,0,2.8672
70010119505,14.2,5
70010543611,14.2,5
70010020298,14.2,5
70011699329,13.5,5
70011696227,13.5,5
70011007327,13.5,5
70011847761,13.5,5
70013209259,13.5,5
70010638502,14.2,5
7001328002,14.2,5
70011109586,13.5,5
70010373842,13.5,5
7001080334,14,5
70011604131,13.5,5
70010553668,10.5,4.6
70010619428,10,5
70011418267,10,5
70011080185,14.2,5
70010373487,13.5,5
70010965565,14.2,5
70013117685,13.5,5
70011461275,14.2,5
70010405175,10,5
70010687913,0,5
70011416832,10,5
70013140853,10,5
70010512227,10,5
7001352098,0,2.8672
70010817377,10,5
70011930428,10,5
70013505402,10,5
70013520609,0,2.8672
70013226964,10,5
70011811926,10,5
70010387553,10.7,4.6
70011110685,11.9,4.6
70010912525,14.2,4.6
7001169517,14.2,4.6
70010580004,7.1,4.6
70013350723,9.5,4.6
70010574250,9.5,4.6
70011861518,14.2,4.6
70011767654,13.3,5
70010921065,10.1,5
70010443174,10.1,5
70012003201,10.1,5
7001346810,10.1,5
70011397642,13.3,5
70011509245,10.1,5
70011774642,10.1,5
70013494875,10.1,5
70010189679,10.3,5
70011561281,10.3,5
70011583689,10.1,5
70013509550,10.1,5
70013444129,13.3,5
70011736206,10.1,5
70011425832,13.3,5
70010597269,10.1,5
70011998762,10.1,5
70010142892,10.1,5
70011710433,10.3,5
7001332964,10.1,5
70011012996,10.3,5
70013434533,10.1,5
70013345310,13.3,5
70010544385,10.3,5
70013514625,0,5
70010764743,10,5
70010390772,10,5
70010320036,10,5
70010935799,10,5
70010140575,13.5,5
70010770198,13.5,5
70013317796,13.3,5
70011940030,13.5,5
70013505988,0,2.8672
7001352103,0,2.8672
70013505970,0,2.8672
7001350596,0,2.8672
70013505939,0,2.8672
7001351475,0,2.8672
70013505955,0,2.8672
7001350581,0,2.8672
70013500741,0,2.8672
70010776500,10.1,5
70010736081,14.2,4.6
70010376905,10,5
70010898816,10,5
7001351098,10,2.8672
70013514601,0,2.5
7001042046,13.5,5
70010726693,13.5,5
70013367923,13.5,5
70010173376,13.5,5
7001156788,13.5,5
70011061301,13.5,5
7001081271,13.5,5
70011985694,10,5
70010631953,10,5
70010794724,10,5
70010533118,10,5
70010689289,10,5
70010956530,10,5
70010759875,10,5
70013520441,0,2.8672
70010658145,10,5
70010730143,10,5
70012505312,10,5
70010971508,10,5
70010017114,10,5
70013302138,10,5
70011978748,10,5
7001344613,10.1,5
70011051474,10.1,5
70011855856,10.1,5
70010929165,13.3,5
70010513472,10.1,5
70010661934,13.3,5
70010753607,10.1,5
70011765849,10.1,5
70010713824,10.1,5
70010829876,10,5
70013351086,10.1,5
70010647881,13.3,5
70010839132,13.5,5
7001026964,13.5,5
7001094644,13.5,5
70011469764,13.5,5
70010518200,13.5,5
7001074372,13.5,5
7001330760,13.5,5
70010877868,15,5
70011744488,10,5
70013248495,10,5
70013385439,10,5
70011898310,0,2.8672
7001345029,0,2.8672
70010204527,10,5
70010548206,10,5
70010746460,10,5
70010497451,10,5
70010837234,10,5
70013162995,10,5
70010100134,0,2.8672
70013511038,0,5
70011916393,10,2.8672
70010432234,10,2.8672
70011518257,10,2.8672
70010526383,10,2.8672
70010787119,10,2.8672
70011902590,10,2.8672
70011554251,15,2.8672
70011049427,10.3,5
70011753191,10.3,5
70010976348,10.3,5
70010929354,13.3,5
70010791269,10.3,5
70013515095,14.5,2.8672
70010911792,10.3,5
70010844454,13.3,5
70010452102,10.3,5
70011536373,13.3,5
70010139809,10.3,5
70010722691,10.3,5
70010620427,10.3,5
70010551648,10.3,5
70010595727,10.3,5
70011437745,10.3,5
70010816132,13.3,5
70013135110,10.3,5
70013258387,13.3,5
70011866813,13.3,5
70010815191,10.3,5
70013266647,13.3,5
70010618090,10.3,5
70010467826,10.3,5
70013503001,9.6,2.8672
70010745553,13.5,5
7001080557,13.5,5
70011594280,13.5,5
70013457823,13.5,5
7001006213,27,5
7001055562,13.5,5
70013404660,13.5,5
7001011671,13.5,5
70013420286,13.5,5
7001142679,13.5,5
70013211231,13.5,5
70013245956,13.5,5
70011887130,13.5,5
70010453636,13.5,5
70013345490,13.5,5
70013524797,0,2.8672
7001195073,10.1,5
7001104378,10.1,5
7001194091,10.1,5
70010795946,10.3,5
70013211356,10.1,5
70011700955,10.1,5
7001317046,10.1,5
70011449071,10.3,5
7001352232,10.1,5
70010796135,10.1,5
7001101300,13.5,5
70013214597,13.5,5
70010885622,15,5
70010994184,10,5
70011760040,10,5
70010754463,10,5
70011695435,10,5
70010767639,10,5
70010841313,13.3,5
70013419858,10,5
70013329460,10,5
70010990779,10,5
70011927003,10,5
70013122296,15,5
70013338859,15,5
7001325917,14.2,5
70010256313,14.2,5
70010897759,14.2,5
70010529543,14.2,5
70013368055,14.2,5
7001041039,14,5
70013403563,14.2,5
70011745215,14.2,5
70010791764,10,5
7001352805,0,2.8672
70013515087,0,2.8672
70013505717,16,2.8672
70010454527,10,5
70013121111,10,5
70011586774,16,2.8672
70011986221,10,2.8672
70010979616,10,5
70010985976,10,2.8672
70010755958,10,2.8672
70010838331,9.6,2.8672
7001014405,14,5
70010891795,14,5
70010772300,14,5
70010854742,13.5,5
7001192670,14,5
70010373553,14,5
7001049154,14,5
7001331573,14,5
7001152515,14,5
7001072885,14,5
70011646140,14,5
7001329291,14,5
7001321857,13.5,5
7001023000,14,5
7001069943,14,5
7001079599,14,5
7001018023,14,5
7001048298,14,5
70013411484,13.5,5
7001039507,13.5,5
70010925345,13.5,5
70012009826,13.5,5
70010675019,13.5,5
70011765997,13.5,5
70011035107,13.5,5
70010791419,13.5,5
70013508461,9.8,5
70010900837,9.6,2.8672
70010055277,9.6,2.8672
70010047903,16,2.8672
7001350939,0,2.8672
7001351420,0,2.8672
7001148720,13.5,5
70010489557,12.8,5
70010771139,19.2,5
70013404090,10.1,5
70011272944,10.1,5
70012018209,10,2.8672
70011424495,12.8,5
70011469269,10,2.8672
7001352240,0,2.8672
7001349515,0,2.8672
,0,2.8672
7001350576,0,2.8672
70010159708,10,2.8672
7001036244,13.5,5
70012508891,13.5,5
70011824926,13.5,5
70011930009,13.5,5
70013369193,13.5,5
70012007078,9.6,5
70010770585,5,2.8672
70010596378,13.5,5
70010237411,13.5,5
70010018210,13.5,5
70010704352,10,2.8672
70010014085,9.6,5
70010840703,9.6,5
70013153763,9.6,2.8672
70013227481,9.6,2.8672
7001063151,13,5
70011996246,13.5,5
7001042976,13.5,5
70010639235,13.5,5
70010525773,13.5,5
70010564649,13.5,5
70011636167,10,5
70011096702,13.3,5
70011929460,10,5
7001060982,9.6,5
70011905074,13.5,5
70011498086,13.5,5
70011472486,12.8,5
70011497582,10.1,5
70010595834,10.1,5
70010601189,10.3,5
70010982031,10.3,5
70013502092,10.3,5
70010788270,10.3,5
70011441582,10,5
70011778445,10,2.8672
70011978375,10,5
70010800680,9.6,5
70010932201,10,5
488929920,9.6,5
70010259605,10,5
70013381793,10,5
70010488154,9.6,5
7001078570,25.6,5
7011716125,14.2,4.6
70010367507,10,5
70011592310,10,5
7001352231,0,2.8672
70011627387,9.6,5
7001350964,0,2.8672
70010598805,10,5
70013515946,5,2.5
70013160968,13.5,5
70013156057,13.3,5
70011726247,10.1,5
,10,5
70011776598,10.1,5
70013377601,13.3,5
70011716884,13.5,5
70013302673,12.8,5
70011537230,10,2.8672
70011729380,10,2.8672
70010646562,10,2.8672
70010227412,9.6,5
70010643880,14,5
7001341101,13.5,5
70010823473,19.6,2.8672
70010392132,13.5,5
70013328776,14,5
70010325470,10,5
70010248747,10,5
70010991470,9.6,5
70010359627,12.8,5
70013521259,0,2.8672
70010322451,10,5
70010167800,9.6,5
70010042358,9.6,5
70010667410,9.6,5
70011751098,10,5
70011732179,5.04,2.8672
70010298296,5.04,2.8672
70011944205,2.9,2.8672
7001049159,2.9,2.8672
70011013796,8.7,2.8672
70010973451,5.04,2.8672
70013252836,10.1,5
70011609017,5.8,2.8672
70010379773,2.9,2.8672
70010300426,5.04,2.8672
70011753273,10,5
70010786333,2.9,2.8672
70010690982,2.9,2.8672
70011511949,2.9,2.8672
70010018112,2.9,2.8672
70013320825,5.04,2.8672
70010579720,5.04,2.8672
70013238562,13.5,5
7001044793,13.5,5
70010945187,28.4,4.6
70011083426,9.9,5
7001197785,10,2.8672
70013509619,0,2.8672
7001103820,10.7,4.6
7001351257,10,2.8672
70013005080,9.6,5
70011077569,9.6,5
7001185260,12.8,5
ENNE0233369,9.6,5
70010286243,9.6,5
7001088197,9.6,5
7001334551,13.5,5
70010888056,14,5
70013524054,14,5
7001006488,13.5,5
70011062033,9.6,5
70010832113,9.6,5
70010419299,9.6,5
70011013689,9.6,5
70010719896,10.1,5
70010849437,10.3,5
70013508981,0,2.8672
7001345904,0,2.8672
70010817534,9.6,5
70010785620,13.3,5
70010945889,10.1,5
70010317634,10.3,5
70010367258,2.9,2.8672
70011548089,10.1,5
7001337690,10.1,5
70013174826,13.3,5
70013499750,13.3,5
70013349970‬,5,2.8672
70013272505,13.3,5
70010101321,10.1,5
70011897056,13.3,5
70010823053,10.1,5
7001350580,0,2.8672
7001352685,0,2.8672
70010202430,10,2.8672
7001769824,30,5
70013182340,10,5
7001350266,16,5
70010488897,5.1,3
70010245736,5.1,3
70010612028,5.1,3
70010289197,5.1,3
70011509941,5.1,3
70010839933,5.2,3
70010399748,5.1,3
70010455260,5.1,3
70010457330,5.1,3
70010338498,5.1,3
70011835650,5.1,3
70010573658,5.1,3
70010044172,10.2,3
70013280807,5.1,3
70010319523,5.1,3
70010573658,3,3
70010514167,5.1,3
70011874996,5.1,3
7001021486,5.1,3
70011749100,5.1,3
70010500737,5.1,3
70010411249,10.2,3
70011582007,5.1,3
70010558048,5.1,3
70010012056,5.1,3
70011069938,5.1,3
70013333495,5.1,3
70011673845,5.1,3
70013139465,5.1,3
70010954908,5.1,3
70010058750,5.1,3
70011588663,5.1,3
7001068540,5.1,3
70010451640,5.1,3
70013143038,5.1,3
70011127653,5.1,3
70013135927,5.1,3
7001318400,5.1,3
70012500157,5.1,3
70010566415,5.1,3
70010814400,5.1,3
70011725811,5.1,3
70010420091,5.1,3
70010621870,5.1,3
70010805423,5.1,3
70010693729,5.1,3
70011034833,10.2,3
70010916493,5.1,3
70010783019,5.1,3
70010083139,5.1,3
70011913670,5.1,3
70011019827,5.1,3
70011461473,5.1,3
70011486173,5.1,3
70010860493,5.1,3
70010627315,5.1,3
70012010199,5.1,3
70011423183,5.1,3
70010958313,5.1,3
70011547117,5.1,3
70010017146,5.1,3
70010894558,5.1,3
70011638311,5.1,3
70010673128,5.1,3
70010906494,5.1,3
70013151158,5.1,3
70010369295,5.1,3
70011454022,5.1,3
70010371988,5.1,3
70011869442,5.1,3
70010119810,5.1,3
70011114743,5.1,3
70013184486,5.1,3
70010352763,5.1,3
70010780511,5.1,3
70010775336,5.1,3
70010351691,5.1,3
7001060279,10.2,3
70010850131,5.1,3
70010554179,5.1,3
70013322936,10.2,3
70011708781,5.1,3
70013340107,5.1,3
70011979837,5.1,3
70011113614,5.1,3
70013176187,10,5
70010684983,5.1,3
70011835569,5.1,3
70013136321,5.1,3
70010779569,5.1,3
70010575142,5.1,3
70010621441,5.1,3
70010560482,5.1,3
70010849165,5.1,3
70010143867,5.1,3
70011046763,5.1,3
70011775590,5.1,3
70011573095,5.1,3
70011676089,5.1,3
70010612516,5.1,3
70010626639,5.1,3
70010463882,5.1,3
70011659183,5.1,3
70010446433,5.1,3
70013003331,5.1,3
70010718964,5.1,3
70013322290,5.1,3
70010952934,5.1,3
70011064162,5.1,3
70010021882,10.2,3
70010169862,10.2,3
70010983889,5.1,3
70011809720,5.1,3
70013010841,5.1,3
7001352760,10,2.8672
70013466635,0,2.8672
70013498975,0,2.8672
70011778635,13.5,5
70011977510,13.5,5
70010384261,13.5,5
70010907179,13.5,5
70010477593,14,5
70013527214,13.5,5
70010165746,13.5,5
70010761108,9.6,5
70010391598,10,5
7001352855,0,2.8672
7001350594,0,2.8672
7001350034,0,2.8672
70010120867,12.8,5
70011066448,12.8,5
7001086694,9.6,5
70011550938,12.8,5
7001350160,0,2.8672
7001351474,6,2.8672
70010873387,16,5
70010032978,15,5
7001352884,0,2.8672
70010361064,13.5,5
7001061683,13.5,5
70011969466,9.6,5
70010463603,12.8,5
70011545466,16,5
70010936046,16,5
70011048981,9.6,5
70010586157,9.6,5
70010351840,9.6,5
70013444137,9.6,5
70011676188,13.3,2.8672
70011703791,10.1,5
421961278,13.3,5
7001069106,13.2,5
7001322781,13.3,5
70010636844,10.3,5
70010223510,10.1,5
70013315099,10.1,2.8672
70013501392,16,5
70010987484,10,5
7001344615,27,5
70011998169,9.6,5
70013294755,9.6,5
7001064414,1.93,2.8672
70010807818,10,5
7001059521,12.8,5
70010197292,5.1,3
70010170112,5.1,3
70010591868,5.1,3
70013007465,5.1,3
70010596049,5.1,3
70010099853,5.1,3
70010071424,5.1,3
70010169788,13.5,5
7001063989,13.5,5
7001090926,13.5,5
70011086446,12.6,5
7001352670,0,2.8672
70013501063,10,2.8672
70013499585,0,2.8672
7001351229,10.1,5
70010459989,10.3,5
70011170720,10.1,5
70011916997,10.1,5
7001182136,5.04,2.8672
70013210853,5.04,2.8672
70013515617,10,5
70011062727,2.9,2.8672
70011430040,5.04,2.8672
70010661876,5.04,2.8672
70010583623,10.1,5
70010758555,5.04,2.8672
7001034832,10,5
70010205303,13.3,5
70010807031,5.04,2.8672
70011839320,10.08,5
70011589605,5.04,2.8672
70011561745,10.1,5
70010691774,5.04,2.8672
70010289345,5.04,2.8672
70010990201,10.1,5
70011866886,5.04,2.8672
70011743103,10.1,5
70013154003,5.04,2.8672
70010915727,10.1,5
70010737640,5.04,2.8672
70010775139,10.1,5
70011728671,9.6,5
70010592658,5.04,2.8672
70010025643,9.6,5
70010483633,10.1,5
70011902376,9.6,5
70010646159,12.8,5
70010917995,9.6,5
70011678927,13.5,5
7001336829,13.5,5
70013173812,10,5
70010883460,5,2.5
70011999010,10,5
70010391846,16,5
70010780254,10.656,4.6
70011747390,10,5
70010953585,10,5
70010421544,5,2.5
70010167866,9.6,5
70011019463,9.6,5
ENNE0233889,9.6,5
70013514641,10,2.8672
7001351464,9.6,2.8672
7001352167,0,2.8672
7001351416,0,2.8672
7001351395,0,2.8672
70010589761,7.2,2.8672
70010046490,14,5
70011778239,14,5
70010463859,14,5
70011620559,14,5
70010702217,14,5
70010467967,14,5
70011605601,14,5
70011821684,14,5
70011951104,14,5
70013165684,14,5
70010227254,14,5
70010418846,14,5
70011056647,14,5
70010985464,14,5
70010108192,14,5
70010773744,14,5
70013294572,14,5
7001346665,14,5
70010608678,14,5
70011437654,14,5
70011047579,14,5
70010805127,14,5
70010921108,14,5
70010987312,14,5
70010087238,14,5
70010976050,14,5
70013177837,14,5
70013293426,14,5
70010551739,14,5
70010432531,14,5
70010893809,14,5
70011916916,14,5
70010628116,14,5
70011877973,14,5
70010020272,14,5
70010368513,14,5
70011887098,14,5
70010569862,14,5
70010690784,14,5
70010038447,14,5
70011876687,14,5
70011573161,12.8,5
70013290664,12.8,5
70013317887,9.8,2.8672
70010554624,10,5
70011013061,9.8,2.8672
70011584323,9.8,2.8672
70010831288,9.8,2.8672
70010135236,9.8,2.8672
70010854478,10,5
7001332927,10.1,5
7001061530,10.1,5
70010011613,5.04,2.8672
70013211488,5.04,2.8672
70011806019,10,5
70010959889,5.04,2.8672
70011013622,5.04,2.8672
70010849109,10,5
70011007204,5,2.8672
70011892503,10.1,5
70010945798,10.1,5
70010367372,2.9,2.8672
70013200648,5.04,2.8672
70010394533,5.04,2.8672
70010143783,5.04,2.8672
70011803632,5.04,2.8672
70011740447,5.04,2.8672
70013508932,14,2.8672
70011926113,9.8,2.8672
70011035022,9.8,2.8672
70010100836,9.8,2.8672
70013160950,5.04,2.8672
70010182865,9.8,2.8672
70010380147,9.8,2.8672
70010769123,5.04,2.8672
70010857638,9.8,2.8672
70010736940,10.1,5
70011572718,5.1,3
7001027140,9.8,2.8672
70011755477,9.8,2.8672
70010985200,9.6,2.8672
70011816593,14,5
70010304285,10,5
7001300206,14,5
7001349884,14,5
7001340255,14,5
70013515631,14,5
70010781574,14,5
70010766468,14,5
7001352459,14,5
70011827953,14,5
70010632438,14,5
70010797792,14,5
70011694768,14,5
7001147240,14,5
70013516233,9.6,5
70010851550,14,5
70010305565,14,5
70010289980,14,5
7001184578,14,5
7001352213,14,5
7001332917,14,5
70011997145,14,5
7001074233,5,2.5
70010888170,10,5
70010590408,10,5
70011620749,15,5
70010452076,10,5
70011036203,15,5
70012511138,15,5
70013502266,5,2.8672
70010881458,10,5
70011914133,10,5
70011874772,10,5
70011080929,10,5
70011824083,10,5
70010929207,5,2.5
70013363568,10,5
70011793767,10,5
70011086041,10,5
7001088764,5,2.5
70010460758,10,5
70010981927,10,5
70010260793,10,5
70010901562,10,5
70010434132,10,5
70011007070,10,5
70010913374,10,5
70011097039,10,5
70013513783,0,2.5
70011778362,10,5
70010079500,10,5
70010266261,10,5
70010512680,10,5
70010490144,10,5
70011567758,10,5
70011659695,10,5
70011582483,10,5
70010207463,5,2.5
70011007007,10,2.8672
70010645135,10,2.8672
70011563749,14,5
7001343561,14,5
70012018190,14,5
7001343550,14,5
70010481143,10,5
70010517374,10,5
70010674745,10,5
70011101611,10,5
70013520211,10,5
70011916097,10,5
70013444896,0,2.5
70010834777,10,5
70013516085,0,2.8672
7001349895,0,2.8672
70010227972,9.6,2.8672
70010773249,9.6,5
70011009281,9.6,5
70011084953,12.8,5
70010713650,9.6,5
70010800433,9.6,5
7001140073,14,5
70010918530,9.6,5
70011845700,13.3,5
70013170355,13.3,5
7001352864,13.3,5
70013524962,10.1,5
70013194592,13.3,5
7001341930,13.3,5
70010574608,9.6,5
7001351244,10.1,5
7001075010,13.3,5
70013512190,10.1,5
70010906149,10,5
70013214472,10.1,5
7001353352,13.3,5
70013419116,13.3,5
7001201924,13.3,5
70010308385,13.3,5
70013435895,10.1,5
70013274392,13.3,5
70010292273,10,5
70013280194,5.04,2.8672
70013418982,10.1,5
70010929123,9.8,2.8672
7001027452,16,2.8672
70010275023,16,5
70011971852,12.8,5
70011737863,9.6,5
70013167291,14,5
70011561588,14,5
70011613462,9.6,5
70010264125,25.6,5
70011957874,14,5
70010141441,10,5
70010579449,10,5
7001351379,0,5
70013306881,5.04,2.8672
7001076799,5.1,3
70010349561,5.1,3
700106885634,9.8,2.8672
70010599389,9.8,2.8672
70011472165,5.1,3
7001194139,9.6,4.6
70011583367,10,5
70010819044,9.6,5
7001353972,0,2.8672
70013339583,13.5,5
70010460948,13.5,5
70010758497,13.5,5
70010624542,13.5,5
7001026293,13.5,5
70011069839,13.5,5
70010462119,13.5,5
70011946607,13.5,5
7001064358,13.5,5
70011732335,13.5,5
70010288802,13.5,5
70011645168,13.5,5
70013279194,13.5,5
70013528525,0,2.8672
70010662781,25.6,5
7001352642,0,2.5
70010498789,10,5
70010675925,10,5
70010790451,10,5
70011360009,5,2.5
70011692936,10,5
70011005661,10,5
70013523115,10,5
70010020101,10,5
7001058270,10,5
70010580894,10,5
70010675974,10,5
70010307269,15,5
70013512389,0,5
70010860543,5,2.5
70011806132,5,2.5
70011866663,5,2.8672
70011712320,9.8,2.8672
70011483988,9.8,5
70013335816,10.08,5
70010136029,5.04,2.8672
70011442168,5.04,2.8672
70010868783,7.1,4.6
70010605108,14.2,4.6
7001103263,9.8,2.8672
70010688620,9.8,2.8672
7001086440,9.8,2.8672
70010274001,9.8,2.8672
7001354616,9.8,2.8672
70011653459,9.8,2.8672
70010430001,9.8,2.8672
7001085788,9.8,2.8672
7001078795,12.8,5
7001330265,14,5
7001052211,14,5
7001053335,14,5
70011003211,14.2,5
70010839454,14,5
7001353870,0,2.8672
7001108947,10,5
70011082353,9.8,2.8672
70010405786,9.8,2.8672
70010956318,10,5
70011085102,9.8,2.8672
70010891201,9.8,2.8672
70010701764,10,5
70010756064,9.8,2.8672
70013513445,0,2.8672
70010633832,9.8,2.8672
70011858165,10,5
70011022937,5,2.5
70010685157,9.8,2.8672
7001354372,10,5
70011594217,5.04,2.8672
70013147541,5.04,2.8672
70010980029,10.1,5
70010043397,10.1,5
70011092732,20.2,5
70013532098,0,2.8672
70011017441,10.1,5
7001044213,10.1,5
70011409175,15,5
70010779452,15,5
70013532782,19.2,5
70013523732,0,2.8672
70010793528,9.6,5
70010238467,9.6,5
70011827763,9.6,5
70012001742,9.6,5
70010057141,9.6,5
70010730720,10,2.8672
70013321956,15,2.8672
70011044386,10,2.8672
70010931089,10,2.8672
70010338274,10,2.8672
70010408227,10,2.8672
70013338123,15,2.8672
70010110712,10,2.8672
70010383099,10,2.8672
70010950619,10,2.8672
70010018466,10,2.8672
70011038166,10,2.8672
70011819778,10,2.8672
70010846947,10,2.8672
70010775304,5,2.8672
70013138946,10,2.8672
70013407516,10,2.8672
70013327183,5,2.8672
70010558633,10,2.8672
70010045674,10,2.8672
70011586214,10,2.8672
70010804292,10,2.8672
70010699867,10,2.8672
70010628949,15,2.8672
70011052678,10,2.8672
